ingredients,dietary_preferences,budget
['Atque et aut provide'],['Ratione similique eo'],42
['Atque et aut provide'],['Ratione similique eo'],42
['Atque et aut provide'],['Ratione similique eo'],42
['Atque et aut provide'],['Ratione similique eo'],42
['Atque et aut provide'],['Ratione similique eo'],42
['Atque et aut provide'],['Ratione similique eo'],42
['Atque et aut provide'],['Ratione similique eo'],42
['Atque et aut provide'],['Ratione similique eo'],42
['Atque et aut provide'],['Ratione similique eo'],42
['Atque et aut provide'],['Ratione similique eo'],42
['Atque et aut provide'],['Ratione similique eo'],42
